"name_of_isp","average_download","average_upload"
"Fibrelicious",76.8119082772574,24.1415924992249
"Useus",91.5494599150272,34.1744745866788
