"name_of_isp","city","average_download","average_upload"
"Fibrelicious","Databury",83.728357852815,26.9829666773239
"Fibrelicious","Samsville",69.7906640111611,21.2571671972152
"Useus","Databury",84.918483967241,31.946986032817
"Useus","Samsville",97.6892524592736,36.2369639884027
